{
    "queries": [
        {
            "number": "1",
            "text": "what similarity laws must be obeyed when constructing aeroelastic models of heated high speed aircraft ."
        },
        {
            "number": "2",
            "text": "what are the structural and aeroelastic problems associated with flight of high speed aircraft ."
        },
        {
            "number": "4",
            "text": "what problems of heat conduction in composite slabs have been solved so far ."
        },
        {
            "number": "8",
            "text": "can a criterion be developed to show empirically the validity of flow solutions for chemically reacting gas mixtures based on the simplifying assumption of instantaneous local chemical equilibrium ."
        },
        {
            "number": "12",
            "text": "is it possible to relate the available pressure distributions for an ogive forebody at zero angle of attack to the lower surface pressures of an equivalent ogive forebody at angle of attack ."
        },
        {
            "number": "13",
            "text": "what methods -dash exact or approximate -dash are presently available for predicting body pressures at angle of attack."
        },
        {
            "number": "18",
            "text": "are real-gas transport properties for air available over a wide range of enthalpies and densities ."
        },
        {
            "number": "23",
            "text": "how can the aerodynamic performance of channel flow ground effect machines be calculated ."
        },
        {
            "number": "29",
            "text": "material properties of photoelastic materials ."
        },
        {
            "number": "32",
            "text": "can the three-dimensional problem of a transverse potential flow about a body of revolution be reduced to a two-dimensional problem ."
        },
        {
            "number": "34",
            "text": "does there exist a good basic treatment of the dynamics of re-entry combining consideration of realistic effects with relative simplicity of results ."
        },
        {
            "number": "35",
            "text": "has anyone formally determined the influence of joule heating,  produced by the induced current,  in magnetohydrodynamic free convection flows under general conditions ."
        },
        {
            "number": "160",
            "text": "panels subjected to aerodynamic heating ."
        },
        {
            "number": "170",
            "text": "is there any information on how the addition of a /boat-tail/ affects the normal force on the body of various angles of incidence ."
        },
        {
            "number": "171",
            "text": "what are the aerodynamic interference effects on the fin lift and body lift of a fin-body combination ."
        },
        {
            "number": "173",
            "text": "what is the effect of initial axisymmetric deviations from circularity on the non linear (large-deflection) load-deflection response of cylinders under hydrostatic pressure ."
        },
        {
            "number": "175",
            "text": "are previous analyses of circumferential thermal buckling of circular cylindrical shells unnecessarily involved or even inaccurate due to the assumed forms of buckling mode ."
        },
        {
            "number": "176",
            "text": "what papers are there dealing with circumferential buckling either thermal buckling or due to mechanical loading ."
        },
        {
            "number": "183",
            "text": "jet interference with supersonic flow  -dash experimental papers ."
        },
        {
            "number": "184",
            "text": "thrust vector control by fluid injection -dash papers ."
        },
        {
            "number": "189",
            "text": "has anyone programmed a pump design method for a high-speed digital computer ."
        },
        {
            "number": "196",
            "text": "what are the flutter characteristics of the exposed skin panels of the x-15 vertical stabilizer when subjected to aerodynamic heating ."
        },
        {
            "number": "200",
            "text": "what agreement is found between theoretically predicted instability times and experimentally measured collapse times for compressed columns in creep ."
        },
        {
            "number": "201",
            "text": "theoretical studies of creep buckling ."
        },
        {
            "number": "203",
            "text": "is it possible to correlate the results on the creep buckling of widely different structures within the framework of a single theory ."
        },
        {
            "number": "204",
            "text": "what are the experimental results for the creep buckling of columns ."
        },
        {
            "number": "209",
            "text": "has the effect of the change of initial pressure due to deformation,  on the frequencies of vibration of circular cylindrical shells been investigated ."
        },
        {
            "number": "210",
            "text": "what are the discontinuity stresses at junctions in pressurized structures ."
        },
        {
            "number": "211",
            "text": "what analytical solutions are available for stresses in edge-loaded shells of revolution ."
        },
        {
            "number": "212",
            "text": "what dome contours minimize discontinuity stresses when used as closures on cylindrical pressure vessels ."
        },
        {
            "number": "213",
            "text": "what general solutions for the stresses in pressurized shells of revolution are available ."
        },
        {
            "number": "214",
            "text": "can studies of pure membrane cylinders having no wall bending stiffness but maintaining their shape by virtue of internal pressure provide any insight into the behaviour of pressurized cylinders with finite wall stiffness ."
        },
        {
            "number": "215",
            "text": "what are the best experimental data and classical small deflection theory analyses available for pressurized cylinders in bending ."
        },
        {
            "number": "217",
            "text": "what are the equations which define the stability of simply supported corrugated core sandwich cylinders ."
        },
        {
            "number": "218",
            "text": "papers on small deflection theory for buckling of sandwich cylinders ."
        },
        {
            "number": "219",
            "text": "has anyone developed an analysis which accurately establishes the large deflection behaviour of conical shells ."
        },
        {
            "number": "223",
            "text": "what is the magnitude of second-order wing-body interference at high supersonic mach number ."
        },
        {
            "number": "224",
            "text": "what is the best theoretical method for calculating pressure on the surface of a wing alone ."
        },
        {
            "number": "225",
            "text": "how can the effect of the boundary-layer on wing pressure be calculated, and what is its magnitude ."
        }
    ]
}
