{
  "corpus" : true,
  "corpusParameters" : {
    "blockSize" : 512,
    "filename" : "/home/mahdi/Documents/bazyabi/runs/indexFile/corpus",
    "mergerClass" : "org.lemurproject.galago.core.index.merge.CorpusMerger",
    "readerClass" : "org.lemurproject.galago.core.index.corpus.CorpusReader",
    "tokenizer" : {
      "fields" : [ "docno" , "head" , "text"],
      "formats" : {

      }
    },
    "writerClass" : "org.lemurproject.galago.core.index.corpus.CorpusFolderWriter"
  },
  "fieldIndex" : true,
  "fieldIndexParameters" : {
    "nonStemmedPostings" : true,
    "stemmedPostings" : true,
    "stemmer" : [ "porter"]
  },
  "galagoVersion" : "3.16",
  "galagoVersionBuildDateTime" : "2023-10-11 04:04",
  "indexBuildDateTime" : "2023-10-20 18:00",
  "indexPath" : "/home/mahdi/Documents/bazyabi/runs/indexFile",
  "inputPath" : [ "/home/mahdi/Documents/bazyabi/Resources/0-Corpus/documents.trectxt"],
  "nonStemmedPostings" : true,
  "port" : 60000,
  "server" : true,
  "skipDistance" : 500,
  "skipping" : true,
  "stemmedCounts" : false,
  "stemmedPostings" : true,
  "stemmer" : [ "porter"],
  "stemmerClass" : {
    "porter" : "org.lemurproject.galago.core.parse.stem.Porter2Stemmer"
  },
  "tokenizer" : {
    "fields" : [ "docno" , "head" , "text"],
    "formats" : {

    }
  }
}